Workbook

Sheet Screening
A1: MOAKS Knee Screening Template — Cartilage-Focused
A2: Cartilage is scored using compact MOAKS notation any-loss/full-thickness (for example 0/0, 1/0, 2/1). Non-cartilage features are simplified to Normal/Present only for exclusion screening.
A3: Participant info | D3: Cartilage regions — enter compact MOAKS score | R3: Other structural flags — simplified screen | Z3: Output | AB3: Notes
A4: Participant ID | B4: Reviewer | C4: Date | D4: Pat_M | E4: Pat_L | F4: FM_Troch | G4: FM_Cent | H4: FM_Post | I4: FL_Troch | J4: FL_Cent | K4: FL_Post | L4: TM_Ant | M4: TM_Cent | N4: TM_Post | O4: TL_Ant | P4: TL_Cent | Q4: TL_Post | R4: BML | S4: Cyst | T4: Meniscus | U4: Extrusion | V4: Osteophyte | W4: Effusion | X4: Hoffa | Y4: ACL/PCL | Z4: Total Any | AA4: Overall | AB4: Comments
A5: P01 | R5: Normal | S5: Normal | T5: Normal | U5: Normal | V5: Normal | W5: Normal | X5: Normal | Y5: Normal | Z5: =SUM(IF(D5="","",VALUE(LEFT(D5,1))),IF(E5="","",VALUE(LEFT(E5,1))),IF(F5="","",VALUE(LEFT(F5,1))),IF(G5="","",VALUE(LEFT(G5,1))),IF(H5="","",VALUE(LEFT(H5,1))),IF(I5="","",VALUE(LEFT(I5,1))),IF(J5="","",VALUE(LEFT(J5,1))),IF(K5="","",VALUE(LEFT(K5,1))),IF(L5="","",VALUE(LEFT(L5,1))),IF(M5="","",VALUE(LEFT(M5,1))),IF(N5="","",VALUE(LEFT(N5,1))),IF(O5="","",VALUE(LEFT(O5,1))),IF(P5="","",VALUE(LEFT(P5,1))),IF(Q5="","",VALUE(LEFT(Q5,1)))) -> #VALUE! | AA5: =IF(COUNTBLANK(A5:C5)+COUNTBLANK(D5:Q5)>0,"REVIEW",IF(COUNTIF(D5:Q5,"<>0/0")+COUNTIF(R5:Y5,"Present")>0,"EXCLUDE","PASS")) -> REVIEW
A6: P02 | R6: Normal | S6: Normal | T6: Normal | U6: Normal | V6: Normal | W6: Normal | X6: Normal | Y6: Normal | Z6: =SUM(IF(D6="","",VALUE(LEFT(D6,1))),IF(E6="","",VALUE(LEFT(E6,1))),IF(F6="","",VALUE(LEFT(F6,1))),IF(G6="","",VALUE(LEFT(G6,1))),IF(H6="","",VALUE(LEFT(H6,1))),IF(I6="","",VALUE(LEFT(I6,1))),IF(J6="","",VALUE(LEFT(J6,1))),IF(K6="","",VALUE(LEFT(K6,1))),IF(L6="","",VALUE(LEFT(L6,1))),IF(M6="","",VALUE(LEFT(M6,1))),IF(N6="","",VALUE(LEFT(N6,1))),IF(O6="","",VALUE(LEFT(O6,1))),IF(P6="","",VALUE(LEFT(P6,1))),IF(Q6="","",VALUE(LEFT(Q6,1)))) -> #VALUE! | AA6: =IF(COUNTBLANK(A6:C6)+COUNTBLANK(D6:Q6)>0,"REVIEW",IF(COUNTIF(D6:Q6,"<>0/0")+COUNTIF(R6:Y6,"Present")>0,"EXCLUDE","PASS")) -> REVIEW
A7: P03 | R7: Normal | S7: Normal | T7: Normal | U7: Normal | V7: Normal | W7: Normal | X7: Normal | Y7: Normal | Z7: =SUM(IF(D7="","",VALUE(LEFT(D7,1))),IF(E7="","",VALUE(LEFT(E7,1))),IF(F7="","",VALUE(LEFT(F7,1))),IF(G7="","",VALUE(LEFT(G7,1))),IF(H7="","",VALUE(LEFT(H7,1))),IF(I7="","",VALUE(LEFT(I7,1))),IF(J7="","",VALUE(LEFT(J7,1))),IF(K7="","",VALUE(LEFT(K7,1))),IF(L7="","",VALUE(LEFT(L7,1))),IF(M7="","",VALUE(LEFT(M7,1))),IF(N7="","",VALUE(LEFT(N7,1))),IF(O7="","",VALUE(LEFT(O7,1))),IF(P7="","",VALUE(LEFT(P7,1))),IF(Q7="","",VALUE(LEFT(Q7,1)))) -> #VALUE! | AA7: =IF(COUNTBLANK(A7:C7)+COUNTBLANK(D7:Q7)>0,"REVIEW",IF(COUNTIF(D7:Q7,"<>0/0")+COUNTIF(R7:Y7,"Present")>0,"EXCLUDE","PASS")) -> REVIEW
A8: P04 | R8: Normal | S8: Normal | T8: Normal | U8: Normal | V8: Normal | W8: Normal | X8: Normal | Y8: Normal | Z8: =SUM(IF(D8="","",VALUE(LEFT(D8,1))),IF(E8="","",VALUE(LEFT(E8,1))),IF(F8="","",VALUE(LEFT(F8,1))),IF(G8="","",VALUE(LEFT(G8,1))),IF(H8="","",VALUE(LEFT(H8,1))),IF(I8="","",VALUE(LEFT(I8,1))),IF(J8="","",VALUE(LEFT(J8,1))),IF(K8="","",VALUE(LEFT(K8,1))),IF(L8="","",VALUE(LEFT(L8,1))),IF(M8="","",VALUE(LEFT(M8,1))),IF(N8="","",VALUE(LEFT(N8,1))),IF(O8="","",VALUE(LEFT(O8,1))),IF(P8="","",VALUE(LEFT(P8,1))),IF(Q8="","",VALUE(LEFT(Q8,1)))) -> #VALUE! | AA8: =IF(COUNTBLANK(A8:C8)+COUNTBLANK(D8:Q8)>0,"REVIEW",IF(COUNTIF(D8:Q8,"<>0/0")+COUNTIF(R8:Y8,"Present")>0,"EXCLUDE","PASS")) -> REVIEW
A9: P05 | R9: Normal | S9: Normal | T9: Normal | U9: Normal | V9: Normal | W9: Normal | X9: Normal | Y9: Normal | Z9: =SUM(IF(D9="","",VALUE(LEFT(D9,1))),IF(E9="","",VALUE(LEFT(E9,1))),IF(F9="","",VALUE(LEFT(F9,1))),IF(G9="","",VALUE(LEFT(G9,1))),IF(H9="","",VALUE(LEFT(H9,1))),IF(I9="","",VALUE(LEFT(I9,1))),IF(J9="","",VALUE(LEFT(J9,1))),IF(K9="","",VALUE(LEFT(K9,1))),IF(L9="","",VALUE(LEFT(L9,1))),IF(M9="","",VALUE(LEFT(M9,1))),IF(N9="","",VALUE(LEFT(N9,1))),IF(O9="","",VALUE(LEFT(O9,1))),IF(P9="","",VALUE(LEFT(P9,1))),IF(Q9="","",VALUE(LEFT(Q9,1)))) -> #VALUE! | AA9: =IF(COUNTBLANK(A9:C9)+COUNTBLANK(D9:Q9)>0,"REVIEW",IF(COUNTIF(D9:Q9,"<>0/0")+COUNTIF(R9:Y9,"Present")>0,"EXCLUDE","PASS")) -> REVIEW
A10: P06 | R10: Normal | S10: Normal | T10: Normal | U10: Normal | V10: Normal | W10: Normal | X10: Normal | Y10: Normal | Z10: =SUM(IF(D10="","",VALUE(LEFT(D10,1))),IF(E10="","",VALUE(LEFT(E10,1))),IF(F10="","",VALUE(LEFT(F10,1))),IF(G10="","",VALUE(LEFT(G10,1))),IF(H10="","",VALUE(LEFT(H10,1))),IF(I10="","",VALUE(LEFT(I10,1))),IF(J10="","",VALUE(LEFT(J10,1))),IF(K10="","",VALUE(LEFT(K10,1))),IF(L10="","",VALUE(LEFT(L10,1))),IF(M10="","",VALUE(LEFT(M10,1))),IF(N10="","",VALUE(LEFT(N10,1))),IF(O10="","",VALUE(LEFT(O10,1))),IF(P10="","",VALUE(LEFT(P10,1))),IF(Q10="","",VALUE(LEFT(Q10,1)))) -> #VALUE! | AA10: =IF(COUNTBLANK(A10:C10)+COUNTBLANK(D10:Q10)>0,"REVIEW",IF(COUNTIF(D10:Q10,"<>0/0")+COUNTIF(R10:Y10,"Present")>0,"EXCLUDE","PASS")) -> REVIEW
A11: P07 | R11: Normal | S11: Normal | T11: Normal | U11: Normal | V11: Normal | W11: Normal | X11: Normal | Y11: Normal | Z11: =SUM(IF(D11="","",VALUE(LEFT(D11,1))),IF(E11="","",VALUE(LEFT(E11,1))),IF(F11="","",VALUE(LEFT(F11,1))),IF(G11="","",VALUE(LEFT(G11,1))),IF(H11="","",VALUE(LEFT(H11,1))),IF(I11="","",VALUE(LEFT(I11,1))),IF(J11="","",VALUE(LEFT(J11,1))),IF(K11="","",VALUE(LEFT(K11,1))),IF(L11="","",VALUE(LEFT(L11,1))),IF(M11="","",VALUE(LEFT(M11,1))),IF(N11="","",VALUE(LEFT(N11,1))),IF(O11="","",VALUE(LEFT(O11,1))),IF(P11="","",VALUE(LEFT(P11,1))),IF(Q11="","",VALUE(LEFT(Q11,1)))) -> #VALUE! | AA11: =IF(COUNTBLANK(A11:C11)+COUNTBLANK(D11:Q11)>0,"REVIEW",IF(COUNTIF(D11:Q11,"<>0/0")+COUNTIF(R11:Y11,"Present")>0,"EXCLUDE","PASS")) -> REVIEW
A12: P08 | R12: Normal | S12: Normal | T12: Normal | U12: Normal | V12: Normal | W12: Normal | X12: Normal | Y12: Normal | Z12: =SUM(IF(D12="","",VALUE(LEFT(D12,1))),IF(E12="","",VALUE(LEFT(E12,1))),IF(F12="","",VALUE(LEFT(F12,1))),IF(G12="","",VALUE(LEFT(G12,1))),IF(H12="","",VALUE(LEFT(H12,1))),IF(I12="","",VALUE(LEFT(I12,1))),IF(J12="","",VALUE(LEFT(J12,1))),IF(K12="","",VALUE(LEFT(K12,1))),IF(L12="","",VALUE(LEFT(L12,1))),IF(M12="","",VALUE(LEFT(M12,1))),IF(N12="","",VALUE(LEFT(N12,1))),IF(O12="","",VALUE(LEFT(O12,1))),IF(P12="","",VALUE(LEFT(P12,1))),IF(Q12="","",VALUE(LEFT(Q12,1)))) -> #VALUE! | AA12: =IF(COUNTBLANK(A12:C12)+COUNTBLANK(D12:Q12)>0,"REVIEW",IF(COUNTIF(D12:Q12,"<>0/0")+COUNTIF(R12:Y12,"Present")>0,"EXCLUDE","PASS")) -> REVIEW
A13: P09 | R13: Normal | S13: Normal | T13: Normal | U13: Normal | V13: Normal | W13: Normal | X13: Normal | Y13: Normal | Z13: =SUM(IF(D13="","",VALUE(LEFT(D13,1))),IF(E13="","",VALUE(LEFT(E13,1))),IF(F13="","",VALUE(LEFT(F13,1))),IF(G13="","",VALUE(LEFT(G13,1))),IF(H13="","",VALUE(LEFT(H13,1))),IF(I13="","",VALUE(LEFT(I13,1))),IF(J13="","",VALUE(LEFT(J13,1))),IF(K13="","",VALUE(LEFT(K13,1))),IF(L13="","",VALUE(LEFT(L13,1))),IF(M13="","",VALUE(LEFT(M13,1))),IF(N13="","",VALUE(LEFT(N13,1))),IF(O13="","",VALUE(LEFT(O13,1))),IF(P13="","",VALUE(LEFT(P13,1))),IF(Q13="","",VALUE(LEFT(Q13,1)))) -> #VALUE! | AA13: =IF(COUNTBLANK(A13:C13)+COUNTBLANK(D13:Q13)>0,"REVIEW",IF(COUNTIF(D13:Q13,"<>0/0")+COUNTIF(R13:Y13,"Present")>0,"EXCLUDE","PASS")) -> REVIEW
A14: P10 | R14: Normal | S14: Normal | T14: Normal | U14: Normal | V14: Normal | W14: Normal | X14: Normal | Y14: Normal | Z14: =SUM(IF(D14="","",VALUE(LEFT(D14,1))),IF(E14="","",VALUE(LEFT(E14,1))),IF(F14="","",VALUE(LEFT(F14,1))),IF(G14="","",VALUE(LEFT(G14,1))),IF(H14="","",VALUE(LEFT(H14,1))),IF(I14="","",VALUE(LEFT(I14,1))),IF(J14="","",VALUE(LEFT(J14,1))),IF(K14="","",VALUE(LEFT(K14,1))),IF(L14="","",VALUE(LEFT(L14,1))),IF(M14="","",VALUE(LEFT(M14,1))),IF(N14="","",VALUE(LEFT(N14,1))),IF(O14="","",VALUE(LEFT(O14,1))),IF(P14="","",VALUE(LEFT(P14,1))),IF(Q14="","",VALUE(LEFT(Q14,1)))) -> #VALUE! | AA14: =IF(COUNTBLANK(A14:C14)+COUNTBLANK(D14:Q14)>0,"REVIEW",IF(COUNTIF(D14:Q14,"<>0/0")+COUNTIF(R14:Y14,"Present")>0,"EXCLUDE","PASS")) -> REVIEW

Sheet Summary
A1: Screening Summary
A3: Total participants | B3: =COUNTA(Screening!A5:A14) -> 10 | D3: Region | E3: Abnormal count
A4: PASS | B4: =COUNTIF(Screening!AA5:AA14,"PASS") -> 0 | D4: Pat_M | E4: =COUNTIF(Screening!D5:D14,"<>0/0")-COUNTBLANK(Screening!D5:D14) -> 0
A5: EXCLUDE | B5: =COUNTIF(Screening!AA5:AA14,"EXCLUDE") -> 0 | D5: Pat_L | E5: =COUNTIF(Screening!E5:E14,"<>0/0")-COUNTBLANK(Screening!E5:E14) -> 0
A6: REVIEW | B6: =COUNTIF(Screening!AA5:AA14,"REVIEW") -> 10 | D6: FM_Troch | E6: =COUNTIF(Screening!F5:F14,"<>0/0")-COUNTBLANK(Screening!F5:F14) -> 0
A7: Average Total Any | B7: =IFERROR(AVERAGEIF(Screening!Z5:Z14,">0"),"") | D7: FM_Cent | E7: =COUNTIF(Screening!G5:G14,"<>0/0")-COUNTBLANK(Screening!G5:G14) -> 0
D8: FM_Post | E8: =COUNTIF(Screening!H5:H14,"<>0/0")-COUNTBLANK(Screening!H5:H14) -> 0
D9: FL_Troch | E9: =COUNTIF(Screening!I5:I14,"<>0/0")-COUNTBLANK(Screening!I5:I14) -> 0
D10: FL_Cent | E10: =COUNTIF(Screening!J5:J14,"<>0/0")-COUNTBLANK(Screening!J5:J14) -> 0
D11: FL_Post | E11: =COUNTIF(Screening!K5:K14,"<>0/0")-COUNTBLANK(Screening!K5:K14) -> 0
D12: TM_Ant | E12: =COUNTIF(Screening!L5:L14,"<>0/0")-COUNTBLANK(Screening!L5:L14) -> 0
D13: TM_Cent | E13: =COUNTIF(Screening!M5:M14,"<>0/0")-COUNTBLANK(Screening!M5:M14) -> 0
D14: TM_Post | E14: =COUNTIF(Screening!N5:N14,"<>0/0")-COUNTBLANK(Screening!N5:N14) -> 0
D15: TL_Ant | E15: =COUNTIF(Screening!O5:O14,"<>0/0")-COUNTBLANK(Screening!O5:O14) -> 0
D16: TL_Cent | E16: =COUNTIF(Screening!P5:P14,"<>0/0")-COUNTBLANK(Screening!P5:P14) -> 0
D17: TL_Post | E17: =COUNTIF(Screening!Q5:Q14,"<>0/0")-COUNTBLANK(Screening!Q5:Q14) -> 0

Sheet Legend
A1: Legend & Instructions
A3: 1) Cartilage compact score | D3: Suggested rule
A4: Score | B4: Meaning | D4: PASS only if all cartilage cells = 0/0 and all non-cartilage flags = Normal.
A5: 0/0 | B5: Normal cartilage, no defect | D5: REVIEW appears if participant info or any cartilage cell is blank.
A6: 1/0 | B6: <10% area affected, no full-thickness loss | D6: EXCLUDE appears if any cartilage cell is not 0/0 or any non-cartilage flag is Present.
A7: 1/1 | B7: <10% area affected, <10% full-thickness component
A8: 2/0 | B8: 10–75% area affected, no full-thickness loss
A9: 2/1 | B9: 10–75% area affected, <10% full-thickness component
A10: 2/2 | B10: 10–75% area affected, 10–75% full-thickness component
A11: 3/0 | B11: >75% area affected, no full-thickness loss
A12: 3/1 | B12: >75% area affected, <10% full-thickness component
A13: 3/2 | B13: >75% area affected, 10–75% full-thickness component
A14: 3/3 | B14: >75% area affected, >75% full-thickness component
A17: 2) Simplified non-cartilage screening
A18: Feature | B18: Use | C18: Meaning
A19: BML | B19: Normal / Present | C19: Bone marrow lesion present anywhere
A20: Cyst | B20: Normal / Present | C20: Subchondral cyst present anywhere
A21: Meniscus | B21: Normal / Present | C21: Any tear, maceration, or relevant pathology
A22: Extrusion | B22: Normal / Present | C22: Any pathologic meniscal extrusion
A23: Osteophyte | B23: Normal / Present | C23: Any osteophyte present
A24: Effusion | B24: Normal / Present | C24: Effusion-synovitis present
A25: Hoffa | B25: Normal / Present | C25: Hoffa-synovitis / edema present
A26: ACL/PCL | B26: Normal / Present | C26: Any partial or complete cruciate tear
A29: 3) Region abbreviations
A30: Abbrev. | B30: Region
A31: Pat_M | B31: Medial patella
A32: Pat_L | B32: Lateral patella
A33: FM_Troch | B33: Medial femur trochlea
A34: FM_Cent | B34: Medial femur central
A35: FM_Post | B35: Medial femur posterior
A36: FL_Troch | B36: Lateral femur trochlea
A37: FL_Cent | B37: Lateral femur central
A38: FL_Post | B38: Lateral femur posterior
A39: TM_Ant | B39: Medial tibia anterior
A40: TM_Cent | B40: Medial tibia central
A41: TM_Post | B41: Medial tibia posterior
... A44: TL_Post | B44: Lateral tibia posterior
